SampleName,ImagePath,Width,Height,Category,Goal,BaselinePipeline,ValidationMode,ExpectedMetricName,ExpectedMetricMinimum,ExpectedMetricMaximum,Notes,ReferenceImagePath,PairGroup,PairRole
Public_Matching_DiePad_Good,docs\samples\public\Matching_DiePad_Synthetic_OK.png,572,420,Public Synthetic / Matching,"Detect repeated synthetic die-pad targets with a project-authored template.",docs\samples\public\Public_Matching_DiePad.pipeline.xml,Required,ResultCount;ScoreMax,3;80,3;100,"Public-safe Matching benchmark generated by OpenVisionLab. No SDK sample image is used.",,Public_Matching_DiePad,Good
Public_Matching_DiePad_NoTarget_Bad,docs\samples\public\Matching_DiePad_Synthetic_NoTarget_NG.png,572,420,Public Synthetic / Matching,"Reject a synthetic no-target board with the same Matching pipeline.",docs\samples\public\Public_Matching_DiePad.pipeline.xml,ExpectedFailure,ResultCount,0,0,"Public-safe Matching NG benchmark. The shared pipeline should fail because the target template is absent.",,Public_Matching_DiePad,Bad
Public_Blob_Particles_Good,docs\samples\public\Blob_Particles_Synthetic_OK.png,572,420,Public Synthetic / Blob,"Count bright synthetic particles in a known public-safe scene.",docs\samples\public\Public_Blob_Particles.pipeline.xml,Required,ResultCount,8,14,"Public-safe Blob count benchmark generated by OpenVisionLab. No SDK sample image is used.",,Public_Blob_Particles,Good
Public_Blob_Particles_Sparse_Bad,docs\samples\public\Blob_Particles_Synthetic_Sparse_NG.png,572,420,Public Synthetic / Blob,"Reject a sparse synthetic particle scene with the same Blob count pipeline.",docs\samples\public\Public_Blob_Particles.pipeline.xml,ExpectedFailure,ResultCount,2,4,"Public-safe Blob NG benchmark. The shared pipeline should fail because particle count is below the normal range.",,Public_Blob_Particles,Bad
Public_Contour_Shapes_Good,docs\samples\public\Contour_Shapes_Synthetic_OK.png,572,420,Public Synthetic / Contour,"Count five separated synthetic shapes after simple binary thresholding.",docs\samples\public\Public_Contour_Shapes.pipeline.xml,Required,ResultCount,5,5,"Public-safe Contour benchmark generated by OpenVisionLab. No SDK sample image is used.",,Public_Contour_Shapes,Good
Public_Contour_Shapes_Missing_Bad,docs\samples\public\Contour_Shapes_Synthetic_Missing_NG.png,572,420,Public Synthetic / Contour,"Reject a missing-shape scene with the same Contour pipeline.",docs\samples\public\Public_Contour_Shapes.pipeline.xml,ExpectedFailure,ResultCount,2,2,"Public-safe Contour NG benchmark. The shared pipeline should fail because only two target shapes remain.",,Public_Contour_Shapes,Bad
Public_Threshold_BandPads_Good,docs\samples\public\Threshold_BandPads_Synthetic_OK.png,572,420,Public Synthetic / Threshold,"Use basic Threshold to isolate four bright inspection pads.",docs\samples\public\Public_Threshold_BandPads.pipeline.xml,Required,ResultCount,4,4,"Public-safe Threshold benchmark generated by OpenVisionLab. No SDK sample image is used.",,Public_Threshold_BandPads,Good
Public_Threshold_BandPads_Missing_Bad,docs\samples\public\Threshold_BandPads_Synthetic_Missing_NG.png,572,420,Public Synthetic / Threshold,"Reject a threshold scene where only one bright inspection pad remains.",docs\samples\public\Public_Threshold_BandPads.pipeline.xml,ExpectedFailure,ResultCount,1,1,"Public-safe Threshold NG benchmark. The shared pipeline should fail because the Threshold output contains too few target pads.",,Public_Threshold_BandPads,Bad
Public_Mean_Brightness_Good,docs\samples\public\Mean_Brightness_Synthetic_OK.png,572,420,Public Synthetic / Mean,"Verify that a synthetic inspection field stays inside the normal brightness band.",docs\samples\public\Public_Mean_BrightnessDrift.pipeline.xml,Required,MeanValueAvg,185,220,"Public-safe Mean benchmark generated by OpenVisionLab. No SDK sample image is used.",,Public_Mean_BrightnessDrift,Good
Public_Mean_Brightness_Dark_Bad,docs\samples\public\Mean_Brightness_Synthetic_Dark_NG.png,572,420,Public Synthetic / Mean,"Reject a synthetic underexposed field with the same Mean brightness pipeline.",docs\samples\public\Public_Mean_BrightnessDrift.pipeline.xml,ExpectedFailure,MeanValueAvg,105,130,"Public-safe Mean NG benchmark. The shared pipeline should fail because average brightness is below the normal range.",,Public_Mean_BrightnessDrift,Bad
Public_Feature_Card_Good,docs\samples\public\Feature_Card_Synthetic_OK.png,572,420,Public Synthetic / FeatureMatching,"Match a feature-rich synthetic card using a project-authored template crop.",docs\samples\public\Public_Feature_Card.pipeline.xml,Required,ScoreMax;ResultCount,80;1,100;3,"Public-safe FeatureMatching benchmark generated by OpenVisionLab. No SDK sample image is used.",,Public_Feature_Card,Good
Public_Feature_Card_Wrong_Bad,docs\samples\public\Feature_Card_Synthetic_Wrong_NG.png,572,420,Public Synthetic / FeatureMatching,"Reject a wrong synthetic feature card with the same FeatureMatching pipeline.",docs\samples\public\Public_Feature_Card.pipeline.xml,ExpectedFailure,ScoreMax,20,35,"Public-safe FeatureMatching NG benchmark. The shared pipeline should fail because feature geometry/score is below the normal target gate.",,Public_Feature_Card,Bad
Public_Edge_Fiducial_Good,docs\samples\public\Edge_Fiducial_Synthetic_OK.png,572,420,Public Synthetic / EdgeBasedMatching,"Match an asymmetric synthetic L fiducial by edge geometry.",docs\samples\public\Public_Edge_Fiducial.pipeline.xml,Required,ScoreMax;ResultCount,70;1,100;1,"Public-safe EdgeBasedMatching benchmark generated by OpenVisionLab. No SDK sample image is used.",,Public_Edge_Fiducial,Good
Public_Edge_Fiducial_Wrong_Bad,docs\samples\public\Edge_Fiducial_Synthetic_Wrong_NG.png,572,420,Public Synthetic / EdgeBasedMatching,"Reject a wrong synthetic edge fiducial with the same EdgeBasedMatching pipeline.",docs\samples\public\Public_Edge_Fiducial.pipeline.xml,ExpectedFailure,ResultCount,0,0,"Public-safe EdgeBasedMatching NG benchmark. The shared pipeline should return no result because the edge geometry is different from the taught L fiducial.",,Public_Edge_Fiducial,Bad
Public_Line_Pins_Good,docs\samples\public\Line_Pins_Synthetic_OK.png,572,420,Public Synthetic / Line,"Measure spacing between synthetic vertical pin edges.",docs\samples\public\Public_Line_Pins_Distance.pipeline.xml,Required,DistanceMmAvg,0.20,0.25,"Public-safe LineDistance benchmark generated by OpenVisionLab. No SDK sample image is used.",,Public_Line_Pins,Good
Public_Line_Pins_WidePin_Bad,docs\samples\public\Line_Pins_Synthetic_WidePin_NG.png,572,420,Public Synthetic / Line,"Reject a synthetic pin width drift image with the same LineDistance pipeline.",docs\samples\public\Public_Line_Pins_Distance.pipeline.xml,ExpectedFailure,DistanceMmAvg,0.09,0.13,"Public-safe LineDistance NG benchmark. The shared pipeline should fail because measured distance is below the normal range.",,Public_Line_Pins,Bad
